hidden_dim,reg,lr,iter,hr20
30,0.001,0.01,20,0.084639
30,0.001,0.01,15,0.081911
30,0.001,0.01,10,0.077558
30,0.001,0.01,8,0.074856
30,0.001,0.01,6,0.071184
30,0.001,0.01,4,0.065471
